--

INSERT INTO city (id, name, country) VALUES (2, 'Manchester', 'Great Britain');
INSERT INTO city (id, name, country) VALUES (3, 'Liverpool', 'Great Britain');
INSERT INTO city (id, name, country) VALUES (4, 'Oxford', 'Great Britain');
INSERT INTO city (id, name, country) VALUES (5, 'Cambridge', 'Great Britain');
INSERT INTO city (id, name, country) VALUES (6, 'Paris', 'France');
INSERT INTO city (id, name, country) VALUES (7, 'Lyon', 'France');
INSERT INTO city (id, name, country) VALUES (8, 'Tours', 'France');
INSERT INTO city (id, name, country) VALUES (9, 'Nantes', 'France');
INSERT INTO city (id, name, country) VALUES (10, 'Rennes', 'France');
INSERT INTO city (id, name, country) VALUES (11, 'Madrid', 'Spain');
INSERT INTO city (id, name, country) VALUES (12, 'Bilbo', 'Spain');
INSERT INTO city (id, name, country) VALUES (13, 'Sevilla', 'Spain');
INSERT INTO city (id, name, country) VALUES (14, 'Almeria', 'Spain');
INSERT INTO city (id, name, country) VALUES (15, 'Vigo', 'Spain');
INSERT INTO city (id, name, country) VALUES (16, 'Roma', 'Italy');
INSERT INTO city (id, name, country) VALUES (17, 'Napoli', 'Italy');
INSERT INTO city (id, name, country) VALUES (18, 'Pompei', 'Italy');
INSERT INTO city (id, name, country) VALUES (19, 'Bari', 'Italy');
INSERT INTO city (id, name, country) VALUES (20, 'Pisa', 'Italy');
INSERT INTO city (id, name, country) VALUES (1, 'London', 'Great Britain');

--

INSERT INTO person (id, first_name, last_name, birthday_date, id_city, address, hire_date, id_chief, role) VALUES (201, 'Jonas', 'Jenkins', '1975-10-14', 1, 'Baker st. 97', '2012-11-06', NULL, 'employee');
INSERT INTO person (id, first_name, last_name, birthday_date, id_city, address, hire_date, id_chief, role) VALUES (202, 'Sibyl', 'Perkins', '1948-06-30', 18, 'Viale Treno, 184', '1999-03-28', NULL, 'employee');
INSERT INTO person (id, first_name, last_name, birthday_date, id_city, address, hire_date, id_chief, role) VALUES (203, 'Emily', 'Stevenson', '1967-07-12', 7, 'Rue des Vignes, 24', '2004-04-19', NULL, 'employee');
INSERT INTO person (id, first_name, last_name, birthday_date, id_city, address, hire_date, id_chief, role) VALUES (204, 'Ethan', 'Singleton', '1984-03-27', 12, 'Calle Dinero, 41', '2007-05-17', 202, 'employee');
INSERT INTO person (id, first_name, last_name, birthday_date, id_city, address, hire_date, id_chief, role) VALUES (207, 'Beatrice', 'Sullivan', '1987-11-19', 9, 'Rue du Nord, 34', '2008-08-02', 203, 'employee');
INSERT INTO person (id, first_name, last_name, birthday_date, id_city, address, hire_date, id_chief, role) VALUES (209, 'Edwin', 'Townsend', '1994-10-17', 2, 'North St., 102', '2001-10-31', 201, 'employee');
INSERT INTO person (id, first_name, last_name, birthday_date, id_city, address, hire_date, id_chief, role) VALUES (210, 'Antony', 'Roberts', '1949-08-04', 10, 'Rue Robert, 95', NULL, NULL, 'customer');
INSERT INTO person (id, first_name, last_name, birthday_date, id_city, address, hire_date, id_chief, role) VALUES (211, 'Sarah', 'Pierce', '1974-06-19', 1, 'Sandwich St., 19', NULL, NULL, 'customer');
INSERT INTO person (id, first_name, last_name, birthday_date, id_city, address, hire_date, id_chief, role) VALUES (212, 'Christopher', 'Fletcher', '1967-05-17', 1, 'Burton St., 12', '2006-06-07', 202, 'employee');
INSERT INTO person (id, first_name, last_name, birthday_date, id_city, address, hire_date, id_chief, role) VALUES (208, 'Susan', 'Harvey', '1984-06-04', 10, 'Calle Montamarta, 271', '2003-12-04', 203, 'employee');
INSERT INTO person (id, first_name, last_name, birthday_date, id_city, address, hire_date, id_chief, role) VALUES (205, 'Jacob', 'Reed', '1991-02-18', 18, 'Via E.Jasonni, 127', '2014-09-30', 201, 'employee');
INSERT INTO person (id, first_name, last_name, birthday_date, id_city, address, hire_date, id_chief, role) VALUES (206, 'Sharyl', 'Ford', '1989-06-24', 1, 'Lizard St., 3', '2006-04-24', 202, 'employee');
INSERT INTO person (id, first_name, last_name, birthday_date, id_city, address, hire_date, id_chief, role) VALUES (213, 'Aleesha', 'Denis', '1984-03-05', 17, 'Via Temenide,43', NULL, NULL, 'customer');
INSERT INTO person (id, first_name, last_name, birthday_date, id_city, address, hire_date, id_chief, role) VALUES (214, 'Horatio', 'Summers', '1994-06-19', 9, 'Calle Monasterio de Siresa, 196', NULL, NULL, 'customer');
INSERT INTO person (id, first_name, last_name, birthday_date, id_city, address, hire_date, id_chief, role) VALUES (3, 'Ivan', 'Shevtsov', '1975-11-11', 10, 'prospect df', NULL, NULL, 'customer');
INSERT INTO person (id, first_name, last_name, birthday_date, id_city, address, hire_date, id_chief, role) VALUES (4, 'Oksana', 'Komar', '1990-11-22', 8, 'prospect dfaa', NULL, NULL, 'customer');
INSERT INTO person (id, first_name, last_name, birthday_date, id_city, address, hire_date, id_chief, role) VALUES (10, 'Jason', 'Derulo', '1993-03-01', 6, 'pushkina', NULL, NULL, 'customer');
INSERT INTO person (id, first_name, last_name, birthday_date, id_city, address, hire_date, id_chief, role) VALUES (11, 'Nicki', 'Minaj', '1989-02-03', 7, 'vatutina', NULL, NULL, 'customer');
INSERT INTO person (id, first_name, last_name, birthday_date, id_city, address, hire_date, id_chief, role) VALUES (5, 'Mykola', 'Filipchuk', '1965-09-09', 10, 'prospect df', NULL, NULL, 'customer');
INSERT INTO person (id, first_name, last_name, birthday_date, id_city, address, hire_date, id_chief, role) VALUES (1, 'Kate', 'Blachette', '1970-12-19', 3, 'Golovna,221,kv.31', '2018-03-30', NULL, 'employee');
INSERT INTO person (id, first_name, last_name, birthday_date, id_city, address, hire_date, id_chief, role) VALUES (2, 'Brad', 'Pitt', '1965-09-09', 3, 'Golovna,100,kv.37', '2018-03-30', 1, 'employee');
INSERT INTO person (id, first_name, last_name, birthday_date, id_city, address, hire_date, id_chief, role) VALUES (6, 'Inna', 'Gutsuliak', '1995-01-25', 3, 'boulevard', '2018-03-30', 1, 'employee');
INSERT INTO person (id, first_name, last_name, birthday_date, id_city, address, hire_date, id_chief, role) VALUES (7, 'David', 'Kreig', '1980-09-12', 5, 'piazza', '2018-03-30', NULL, 'employee');
INSERT INTO person (id, first_name, last_name, birthday_date, id_city, address, hire_date, id_chief, role) VALUES (8, 'Drake', 'Dv', '1979-07-16', 5, 'stasiuka', '2018-03-30', 7, 'employee');
INSERT INTO person (id, first_name, last_name, birthday_date, id_city, address, hire_date, id_chief, role) VALUES (9, 'Jenifer', 'Aniston', '1978-09-16', 5, 'geroiv', '2018-03-30', 7, 'employee');
INSERT INTO person (id, first_name, last_name, birthday_date, id_city, address, hire_date, id_chief, role) VALUES (401, 'Ira', 'Ivanova', '1983-05-22', 1, 'fdfgfvdgf', '2010-03-15', NULL, 'employee');
INSERT INTO person (id, first_name, last_name, birthday_date, id_city, address, hire_date, id_chief, role) VALUES (402, 'Anna', 'Petrova', '1980-03-14', 1, 'hdfhbdfthdfth', '2011-01-01', 401, 'employee');
INSERT INTO person (id, first_name, last_name, birthday_date, id_city, address, hire_date, id_chief, role) VALUES (404, 'Oksana', 'Sidorova', '1960-08-21', 1, ' x vcbxbxc', '2015-06-13', 401, 'employee');
INSERT INTO person (id, first_name, last_name, birthday_date, id_city, address, hire_date, id_chief, role) VALUES (403, 'Alina', 'Gorbatova', '1978-07-30', 1, 'fdhtrthfggggdh', '2009-02-16', 401, 'employee');
INSERT INTO person (id, first_name, last_name, birthday_date, id_city, address, hire_date, id_chief, role) VALUES (405, 'Roman', 'Shelohov', '1980-12-12', 11, 'Golovna, 148', NULL, NULL, 'customer');
INSERT INTO person (id, first_name, last_name, birthday_date, id_city, address, hire_date, id_chief, role) VALUES (406, 'Oleg', 'Bornev', '1975-01-15', 11, 'Belova, 25', NULL, NULL, 'customer');
INSERT INTO person (id, first_name, last_name, birthday_date, id_city, address, hire_date, id_chief, role) VALUES (407, 'Petro', 'Murovuch', '1982-08-10', 12, 'Lalalaal,256', NULL, NULL, 'customer');
INSERT INTO person (id, first_name, last_name, birthday_date, id_city, address, hire_date, id_chief, role) VALUES (410, 'Dima', 'Krasnov', '1954-06-12', 7, 'dgsdgfvsdgvfs', NULL, NULL, 'customer');
INSERT INTO person (id, first_name, last_name, birthday_date, id_city, address, hire_date, id_chief, role) VALUES (411, 'Tanya', 'Bidulko', '1952-07-13', 8, 'dfdsgsgfds', NULL, NULL, 'customer');
INSERT INTO person (id, first_name, last_name, birthday_date, id_city, address, hire_date, id_chief, role) VALUES (412, 'Mukola', 'Dudko', '1950-10-07', 6, 'dfgsgvszdgv', NULL, NULL, 'customer');
INSERT INTO person (id, first_name, last_name, birthday_date, id_city, address, hire_date, id_chief, role) VALUES (409, 'Vova', 'Pervin', '1956-05-25', 2, 'sdgsdg', '2012-12-05', 401, 'employee');
INSERT INTO person (id, first_name, last_name, birthday_date, id_city, address, hire_date, id_chief, role) VALUES (408, 'Ivan', 'Gora', '1948-01-02', 2, 'hfgsdjfhs', '2012-10-10', 401, 'employee');
INSERT INTO person (id, first_name, last_name, birthday_date, id_city, address, hire_date, id_chief, role) VALUES (413, 'Tolik', 'Truhanov', '1952-02-06', 9, 'hfkjhgdkxjdxjf', '2013-07-05', 401, 'employee');
INSERT INTO person (id, first_name, last_name, birthday_date, id_city, address, hire_date, id_chief, role) VALUES (414, 'Mariya', 'Kutuzova', '1960-03-10', 3, 'fgvsdrfgdsgf', '2005-01-01', NULL, 'employee');
INSERT INTO person (id, first_name, last_name, birthday_date, id_city, address, hire_date, id_chief, role) VALUES (415, 'Olga', 'Bruno', '1954-05-06', 3, 'dfgdfgbdfg', '2006-03-04', 414, 'employee');
INSERT INTO public.person (id, first_name, last_name, birthday_date, id_city, address, hire_date, id_chief, role) VALUES (101, 'Pedro', 'Ramires', '1990-10-10', 11, 'Libertadores,10', '2015-01-01', NULL, 'employee');
INSERT INTO public.person (id, first_name, last_name, birthday_date, id_city, address, hire_date, id_chief, role) VALUES (102, 'Silvio', 'Berluskoni', '1985-12-10', 16, 'Liberty,18', '2012-10-01', NULL, 'employee');
INSERT INTO public.person (id, first_name, last_name, birthday_date, id_city, address, hire_date, id_chief, role) VALUES (103, 'John', 'Doy', '1997-06-25', 1, 'Bakerstreet,486', '2017-10-25', NULL, 'employee');
INSERT INTO public.person (id, first_name, last_name, birthday_date, id_city, address, hire_date, id_chief, role) VALUES (104, 'Antoine', 'Ditan', '1962-08-22', 6, 'Rue De La Vies,1', '2010-02-12', NULL, 'employee');
INSERT INTO public.person (id, first_name, last_name, birthday_date, id_city, address, hire_date, id_chief, role) VALUES (105, 'Basil', 'Reims', '1985-12-22', 6, 'Rue De La Tasse,13', '2016-08-10', 104, 'employee');
INSERT INTO public.person (id, first_name, last_name, birthday_date, id_city, address, hire_date, id_chief, role) VALUES (106, 'Gektor', 'Errera', '1992-12-21', 11, 'ViaMonte,13', '2014-03-08', 101, 'employee');
INSERT INTO public.person (id, first_name, last_name, birthday_date, id_city, address, hire_date, id_chief, role) VALUES (107, 'Cristoforo', 'Colombo', '1936-10-21', 11, 'Boan,11', '1955-06-06', 101, 'employee');
INSERT INTO public.person (id, first_name, last_name, birthday_date, id_city, address, hire_date, id_chief, role) VALUES (108, 'Vasko', 'DaGama', '1933-10-11', 16, 'Blisse,12', '1986-08-09', 102, 'employee');
INSERT INTO public.person (id, first_name, last_name, birthday_date, id_city, address, hire_date, id_chief, role) VALUES (109, 'Marlen', 'Ditrich', '1969-01-01', 1, 'Blisse,12', '2016-08-09', 103, 'employee');
INSERT INTO public.person (id, first_name, last_name, birthday_date, id_city, address, hire_date, id_chief, role) VALUES (110, 'Jorje', 'Alcantara', '1997-02-10', 11, 'Klosse,10', NULL, NULL, 'customer');
INSERT INTO public.person (id, first_name, last_name, birthday_date, id_city, address, hire_date, id_chief, role) VALUES (111, 'Massimo', 'Anti', '1991-02-12', 16, 'Piache,10', NULL, NULL, 'customer');
INSERT INTO public.person (id, first_name, last_name, birthday_date, id_city, address, hire_date, id_chief, role) VALUES (112, 'Dereck', 'Locker', '2016-03-30', 1, 'Crosshill,11', NULL, NULL, 'customer');
INSERT INTO public.person (id, first_name, last_name, birthday_date, id_city, address, hire_date, id_chief, role) VALUES (113, 'friedrich', 'Nietzsche', '1926-03-12', 6, 'Dark,11', NULL, NULL, 'customer');
INSERT INTO public.person (id, first_name, last_name, birthday_date, id_city, address, hire_date, id_chief, role) VALUES (114, 'Simone', 'Zaza', '1996-08-11', 11, 'Drent', NULL, NULL, 'customer');
INSERT INTO public.person (id, first_name, last_name, birthday_date, id_city, address, hire_date, id_chief, role) VALUES (115, 'Piter', 'Pedigrev', '2000-10-11', 6, 'Statemant 24', NULL, NULL, 'customer');
INSERT INTO public.person (id, first_name, last_name, birthday_date, id_city, address, hire_date, id_chief, role) VALUES (116, 'Giovanni', 'Toldo', '1993-11-12', 6, 'Batimant 24', NULL, NULL, 'customer');
INSERT INTO public.person (id, first_name, last_name, birthday_date, id_city, address, hire_date, id_chief, role) VALUES (117, 'Gitler', 'Baron', '1850-02-05', 7, 'Ru de la tran', NULL, NULL, 'customer');
INSERT INTO public.person (id, first_name, last_name, birthday_date, id_city, address, hire_date, id_chief, role) VALUES (301, 'Ivan', 'Ivanov', '1981-01-01', 1, 'Kovarova st., 1', '2000-01-01', NULL, 'employee');
INSERT INTO public.person (id, first_name, last_name, birthday_date, id_city, address, hire_date, id_chief, role) VALUES (302, 'Petro', 'Petrov', '1982-02-02', 1, 'Stasyuka st., 2', '2001-02-02', NULL, 'employee');
INSERT INTO public.person (id, first_name, last_name, birthday_date, id_city, address, hire_date, id_chief, role) VALUES (303, 'Vasyl', 'Vasko', '1984-03-03', 2, 'Holovna st., 3', '2002-03-03', NULL, 'customer');
INSERT INTO public.person (id, first_name, last_name, birthday_date, id_city, address, hire_date, id_chief, role) VALUES (304, 'Tetyana', 'Vasko', '1984-03-03', 2, 'Holovna st., 3', '2003-04-04', 301, 'employee');
INSERT INTO public.person (id, first_name, last_name, birthday_date, id_city, address, hire_date, id_chief, role) VALUES (305, 'Ivanna', 'Levchenko', '1985-04-04', 3, 'Heroyiv st., 4', '2004-05-05', 301, 'employee');
INSERT INTO public.person (id, first_name, last_name, birthday_date, id_city, address, hire_date, id_chief, role) VALUES (306, 'Oksana', 'Vasylovych', '1986-05-05', 1, 'Zaliznychna st., 5', '2005-06-06', 301, 'employee');
INSERT INTO public.person (id, first_name, last_name, birthday_date, id_city, address, hire_date, id_chief, role) VALUES (307, 'Alisa', 'Antofiichuk', '1987-06-06', 1, 'Kyivska st., 6', '2006-07-07', NULL, 'customer');
INSERT INTO public.person (id, first_name, last_name, birthday_date, id_city, address, hire_date, id_chief, role) VALUES (308, 'Anton', 'Antoniv', '1988-07-07', 7, 'Lvivska st., 7', '2007-08-08', NULL, 'customer');

--

INSERT INTO category (id, name) VALUES (1, 'phone');
INSERT INTO category (id, name) VALUES (2, 'laptop');
INSERT INTO category (id, name) VALUES (3, 'tv');

--


INSERT INTO product (id, name, price, id_city, id_category) VALUES (201, 'Meizu m5', 150, 1, 1);
INSERT INTO product (id, name, price, id_city, id_category) VALUES (202, 'Meizu m3 mini', 120, 18, 1);
INSERT INTO product (id, name, price, id_city, id_category) VALUES (203, 'Ipad mini', 200, 10, 2);
INSERT INTO product (id, name, price, id_city, id_category) VALUES (205, 'Acer', 400, 3, 3);
INSERT INTO product (id, name, price, id_city, id_category) VALUES (206, 'Xiaomi', 175, 12, 1);
INSERT INTO product (id, name, price, id_city, id_category) VALUES (207, 'Nexus 7', 215, 7, 2);
INSERT INTO product (id, name, price, id_city, id_category) VALUES (208, 'Motorolla', 165, 13, 2);
INSERT INTO product (id, name, price, id_city, id_category) VALUES (204, 'Samsung TV', 450, 1, 3);
INSERT INTO product (id, name, price, id_city, id_category) VALUES (209, 'Samsung Galaxy S8', 350, 7, 1);
INSERT INTO product (id, name, price, id_city, id_category) VALUES (210, 'Samsung Galaxy Tab', 400, 12, 2);
INSERT INTO product (id, name, price, id_city, id_category) VALUES (2, 'Lg', 222, 8, 3);
INSERT INTO product (id, name, price, id_city, id_category) VALUES (1, 'lenovo', 111, 10, 2);
INSERT INTO product (id, name, price, id_city, id_category) VALUES (4, 'Lenovo', 11, 10, 2);
INSERT INTO product (id, name, price, id_city, id_category) VALUES (3, 'Xiaomi', 1354, 10, 1);
INSERT INTO product (id, name, price, id_city, id_category) VALUES (5, 'HP', 18, 10, 2);
INSERT INTO product (id, name, price, id_city, id_category) VALUES (8, 'Samsung', 568, 10, 2);
INSERT INTO product (id, name, price, id_city, id_category) VALUES (6, 'Nokia', 19, 6, 3);
INSERT INTO product (id, name, price, id_city, id_category) VALUES (7, 'Meizu', 186, 7, 1);
INSERT INTO product (id, name, price, id_city, id_category) VALUES (401, 'SamsungS8', 840, 1, 1);
INSERT INTO product (id, name, price, id_city, id_category) VALUES (402, 'HuaweiP', 305, 6, 1);
INSERT INTO product (id, name, price, id_city, id_category) VALUES (403, 'LenovoK6', 120, 11, 1);
INSERT INTO product (id, name, price, id_city, id_category) VALUES (404, 'XiaomiRD4', 200, 16, 1);
INSERT INTO product (id, name, price, id_city, id_category) VALUES (405, 'AcerEX2519', 255, 2, 2);
INSERT INTO product (id, name, price, id_city, id_category) VALUES (406, 'Lenovo IdeaPad 320', 610, 7, 2);
INSERT INTO product (id, name, price, id_city, id_category) VALUES (407, 'Asus VivoBook', 275, 12, 2);
INSERT INTO product (id, name, price, id_city, id_category) VALUES (408, 'HP 255 G6', 280, 17, 2);
INSERT INTO product (id, name, price, id_city, id_category) VALUES (409, 'LG 43UJ630V', 685, 3, 3);
INSERT INTO product (id, name, price, id_city, id_category) VALUES (410, 'Panasonic TX', 500, 8, 3);
INSERT INTO product (id, name, price, id_city, id_category) VALUES (411, 'Akai UA32DF2110', 155, 13, 3);
INSERT INTO product (id, name, price, id_city, id_category) VALUES (412, 'Sony KD-55XE7005', 1525, 18, 3);
INSERT INTO public.product (id, name, price, id_city, id_category) VALUES (111, 'Xiomi+', 650, 11, 1);
INSERT INTO public.product (id, name, price, id_city, id_category) VALUES (102, 'Iphone8+', 820, 6, 1);
INSERT INTO public.product (id, name, price, id_city, id_category) VALUES (101, 'Iphone8', 800, 6, 1);
INSERT INTO public.product (id, name, price, id_city, id_category) VALUES (104, 'Meizu', 320, 1, 1);
INSERT INTO public.product (id, name, price, id_city, id_category) VALUES (103, 'IphoneX', 1100, 6, 1);
INSERT INTO public.product (id, name, price, id_city, id_category) VALUES (106, 'Sony', 410, 1, 1);
INSERT INTO public.product (id, name, price, id_city, id_category) VALUES (105, 'Lenovo', 450, 1, 1);
INSERT INTO public.product (id, name, price, id_city, id_category) VALUES (108, 'benq', 111, 1, 3);
INSERT INTO public.product (id, name, price, id_city, id_category) VALUES (107, 'Samsung', 2600, 6, 3);
INSERT INTO public.product (id, name, price, id_city, id_category) VALUES (110, 'Xiomi', 600, 11, 1);
INSERT INTO public.product (id, name, price, id_city, id_category) VALUES (109, 'benq', 160, 1, 2);
INSERT INTO public.product (id, name, price, id_city, id_category) VALUES (112, 'Vertu', 950, 11, 1);
INSERT INTO public.product (id, name, price, id_city, id_category) VALUES (302, 'Samsung', 10000, 2, 2);
INSERT INTO public.product (id, name, price, id_city, id_category) VALUES (301, 'Tofu', 100, 1, 1);
INSERT INTO public.product (id, name, price, id_city, id_category) VALUES (303, 'LG', 5000, 2, 3);


--

INSERT INTO orders (id, orders_date, id_employee, id_customer, shipping_date) VALUES (201, '1997-01-12', 207, 210, '1997-01-15');
INSERT INTO orders (id, orders_date, id_employee, id_customer, shipping_date) VALUES (202, '1998-05-06', 204, 210, '1998-05-09');
INSERT INTO orders (id, orders_date, id_employee, id_customer, shipping_date) VALUES (203, '2004-11-24', 206, 213, '2004-11-26');
INSERT INTO orders (id, orders_date, id_employee, id_customer, shipping_date) VALUES (204, '1997-05-17', 207, 211, '1997-05-19');
INSERT INTO orders (id, orders_date, id_employee, id_customer, shipping_date) VALUES (205, '1997-07-15', 209, 214, '1997-07-19');
INSERT INTO orders (id, orders_date, id_employee, id_customer, shipping_date) VALUES (206, '1997-04-30', 208, 211, '1997-05-02');
INSERT INTO orders (id, orders_date, id_employee, id_customer, shipping_date) VALUES (207, '1996-11-29', 212, 213, '1996-12-02');
INSERT INTO orders (id, orders_date, id_employee, id_customer, shipping_date) VALUES (208, '1996-12-30', 208, 214, '1997-01-03');
INSERT INTO orders (id, orders_date, id_employee, id_customer, shipping_date) VALUES (402, '2017-02-24', 403, 406, '2017-02-27');
INSERT INTO orders (id, orders_date, id_employee, id_customer, shipping_date) VALUES (401, '2018-01-10', 402, 405, '2018-01-13');
INSERT INTO orders (id, orders_date, id_employee, id_customer, shipping_date) VALUES (404, '2015-04-22', 402, 406, '2015-04-27');
INSERT INTO orders (id, orders_date, id_employee, id_customer, shipping_date) VALUES (403, '2016-03-15', 402, 407, '2016-03-18');
INSERT INTO orders (id, orders_date, id_employee, id_customer, shipping_date) VALUES (405, '2013-04-27', 404, 410, '2013-04-30');
INSERT INTO orders (id, orders_date, id_employee, id_customer, shipping_date) VALUES (406, '2012-10-20', 404, 411, '2012-10-23');
INSERT INTO orders (id, orders_date, id_employee, id_customer, shipping_date) VALUES (407, '2010-11-01', 402, 410, '2010-11-03');
INSERT INTO orders (id, orders_date, id_employee, id_customer, shipping_date) VALUES (408, '2010-07-10', 402, 410, '2010-07-13');
INSERT INTO orders (id, orders_date, id_employee, id_customer, shipping_date) VALUES (1, '2017-09-09', 2, 3, NULL);
INSERT INTO orders (id, orders_date, id_employee, id_customer, shipping_date) VALUES (2, '2017-07-09', 8, 3, NULL);
INSERT INTO orders (id, orders_date, id_employee, id_customer, shipping_date) VALUES (3, '2017-09-29', 8, 4, NULL);
INSERT INTO orders (id, orders_date, id_employee, id_customer, shipping_date) VALUES (4, '2017-11-23', 9, 5, NULL);
INSERT INTO orders (id, orders_date, id_employee, id_customer, shipping_date) VALUES (5, '2018-04-12', 9, 3, NULL);
INSERT INTO orders (id, orders_date, id_employee, id_customer, shipping_date) VALUES (6, '2017-01-19', 9, 4, NULL);
INSERT INTO public.orders (id, orders_date, id_employee, id_customer, shipping_date) VALUES (101, '2018-02-02', 105, 113, '2018-03-03');
INSERT INTO public.orders (id, orders_date, id_employee, id_customer, shipping_date) VALUES (102, '2018-02-20', 105, 116, '2018-03-03');
INSERT INTO public.orders (id, orders_date, id_employee, id_customer, shipping_date) VALUES (103, '2018-02-22', 105, 113, '2018-03-08');
INSERT INTO public.orders (id, orders_date, id_employee, id_customer, shipping_date) VALUES (104, '2018-02-28', 109, 112, '2018-03-10');
INSERT INTO public.orders (id, orders_date, id_employee, id_customer, shipping_date) VALUES (105, '2018-02-28', 106, 113, '2018-03-11');
INSERT INTO public.orders (id, orders_date, id_employee, id_customer, shipping_date) VALUES (106, '2017-12-25', 105, 113, '2017-12-26');
INSERT INTO public.orders (id, orders_date, id_employee, id_customer, shipping_date) VALUES (107, '2017-12-29', 105, 116, '2017-12-29');
INSERT INTO public.orders (id, orders_date, id_employee, id_customer, shipping_date) VALUES (108, '2017-12-30', 105, 116, '2017-12-31');
INSERT INTO public.orders (id, orders_date, id_employee, id_customer, shipping_date) VALUES (109, '1997-12-12', 105, 117, '1997-12-12');
INSERT INTO public.orders (id, orders_date, id_employee, id_customer, shipping_date) VALUES (110, '1997-12-12', 105, 113, '1997-12-13');
INSERT INTO public.orders (id, orders_date, id_employee, id_customer, shipping_date) VALUES (111, '1997-12-12', 105, 113, '1997-12-13');
INSERT INTO public.orders (id, orders_date, id_employee, id_customer, shipping_date) VALUES (112, '1997-12-12', 105, 113, '1997-12-13');
INSERT INTO public.orders (id, orders_date, id_employee, id_customer, shipping_date) VALUES (301, '2018-01-01', 301, 303, NULL);
INSERT INTO public.orders (id, orders_date, id_employee, id_customer, shipping_date) VALUES (302, '2017-02-02', 302, 307, NULL);
INSERT INTO public.orders (id, orders_date, id_employee, id_customer, shipping_date) VALUES (303, '2016-03-03', 302, 307, NULL);
INSERT INTO public.orders (id, orders_date, id_employee, id_customer, shipping_date) VALUES (304, '2015-04-04', 302, 308, NULL);
INSERT INTO public.orders (id, orders_date, id_employee, id_customer, shipping_date) VALUES (305, '1997-01-01', 305, 307, '1997-01-01');


--

INSERT INTO orders_products (id_order, id_product, price, count) VALUES (201, 204, 450, 1);
INSERT INTO orders_products (id_order, id_product, price, count) VALUES (204, 204, 415, 1);
INSERT INTO orders_products (id_order, id_product, price, count) VALUES (205, 206, 170, 2);
INSERT INTO orders_products (id_order, id_product, price, count) VALUES (206, 205, 400, 1);
INSERT INTO orders_products (id_order, id_product, price, count) VALUES (208, 203, 200, 1);
INSERT INTO orders_products (id_order, id_product, price, count) VALUES (201, 202, 120, 1);
INSERT INTO orders_products (id_order, id_product, price, count) VALUES (202, 209, 350, 2);
INSERT INTO orders_products (id_order, id_product, price, count) VALUES (207, 210, 400, 2);
INSERT INTO orders_products (id_order, id_product, price, count) VALUES (405, 401, 900, 1);
INSERT INTO orders_products (id_order, id_product, price, count) VALUES (405, 403, 120, 1);
INSERT INTO orders_products (id_order, id_product, price, count) VALUES (406, 404, 200, 1);
INSERT INTO orders_products (id_order, id_product, price, count) VALUES (406, 405, 255, 1);
INSERT INTO orders_products (id_order, id_product, price, count) VALUES (406, 407, 275, 1);
INSERT INTO orders_products (id_order, id_product, price, count) VALUES (407, 408, 280, 1);
INSERT INTO orders_products (id_order, id_product, price, count) VALUES (407, 409, 685, 1);
INSERT INTO orders_products (id_order, id_product, price, count) VALUES (407, 410, 500, 1);
INSERT INTO orders_products (id_order, id_product, price, count) VALUES (408, 401, 840, 2);
INSERT INTO orders_products (id_order, id_product, price, count) VALUES (1, 1, 111, 3);
INSERT INTO orders_products (id_order, id_product, price, count) VALUES (2, 4, 2343, 1);
INSERT INTO orders_products (id_order, id_product, price, count) VALUES (3, 2, 122, 1);
INSERT INTO orders_products (id_order, id_product, price, count) VALUES (4, 2, 122, 1);
INSERT INTO orders_products (id_order, id_product, price, count) VALUES (4, 5, 122, 1);
INSERT INTO public.orders_products (id_order, id_product, price, count) VALUES (101, 101, 840, 2);
INSERT INTO public.orders_products (id_order, id_product, price, count) VALUES (102, 101, 830, 1);
INSERT INTO public.orders_products (id_order, id_product, price, count) VALUES (103, 102, 950, 2);
INSERT INTO public.orders_products (id_order, id_product, price, count) VALUES (105, 106, 950, 2);
INSERT INTO public.orders_products (id_order, id_product, price, count) VALUES (104, 105, 950, 1);
INSERT INTO public.orders_products (id_order, id_product, price, count) VALUES (106, 104, 330, 5);
INSERT INTO public.orders_products (id_order, id_product, price, count) VALUES (107, 106, 450, 1);
INSERT INTO public.orders_products (id_order, id_product, price, count) VALUES (108, 111, 650, 1);
INSERT INTO public.orders_products (id_order, id_product, price, count) VALUES (109, 112, 900, 1);
INSERT INTO public.orders_products (id_order, id_product, price, count) VALUES (110, 107, 1300, 6);
INSERT INTO public.orders_products (id_order, id_product, price, count) VALUES (111, 108, 850, 3);
INSERT INTO public.orders_products (id_order, id_product, price, count) VALUES (112, 109, 800, 16);
INSERT INTO public.orders_products (id_order, id_product, price, count) VALUES (301, 301, 105, 5);
INSERT INTO public.orders_products (id_order, id_product, price, count) VALUES (302, 302, 10000, 1);
INSERT INTO public.orders_products (id_order, id_product, price, count) VALUES (303, 301, 100, 2);
INSERT INTO public.orders_products (id_order, id_product, price, count) VALUES (304, 302, 10005, 3);


